{
  "experiment_name": "metallic_detail",
  "method_name": "splatfacto",
  "checkpoint": "outputs/metallic_detail/splatfacto/2025-05-16_164932/nerfstudio_models/step-000046000.ckpt",
  "results": {
    "psnr": 37.722957611083984,
    "psnr_std": 2.076239585876465,
    "ssim": 0.9819625020027161,
    "ssim_std": 0.0057501052506268024,
    "lpips": 0.020213162526488304,
    "lpips_std": 0.011165083386003971,
    "num_rays_per_sec": 123391968.0,
    "num_rays_per_sec_std": 23857858.0,
    "fps": 238.7148895263672,
    "fps_std": 46.15556716918945
  }
}