{
  "experiment_name": "object4",
  "method_name": "nerfacto",
  "checkpoint": "outputs/object4/nerfacto/2025-05-15_182722/nerfstudio_models/step-000099999.ckpt",
  "results": {
    "psnr": 17.17310905456543,
    "psnr_std": 2.083207130432129,
    "ssim": 0.6377423405647278,
    "ssim_std": 0.11139839887619019,
    "lpips": 0.10430655628442764,
    "lpips_std": 0.03267720341682434,
    "num_rays_per_sec": 108845.6875,
    "num_rays_per_sec_std": 615.88818359375,
    "fps": 0.20996467769145966,
    "fps_std": 0.0011880566598847508
  }
}